title,link
Vance and Lammy host Ukraine talks ahead of US-Russia summit,https://www.bbc.com/news/articles/c3dp119lk5xo
"Eleven more die from malnutrition in Gaza, Hamas-run health ministry says",https://www.bbc.com/news/articles/c80dpg77g0do
From underdogs to equals: How India forced England to draw Test series,https://www.bbc.com/news/articles/c33610p51x5o
Why are sex toys being thrown during WNBA games?,https://www.bbc.com/news/articles/c62w8215g4vo
Prince Andrew book seals his fate for any return,https://www.bbc.com/news/articles/c24z1l090dqo
"Eleven more die from malnutrition in Gaza, Hamas-run health ministry says",https://www.bbc.com/news/articles/c80dpg77g0do
Mexico rules out Trump's reported military plan against drug cartels,https://www.bbc.com/news/articles/c07pdel9vyjo
Seoul's 'convenience stores' fighting loneliness,https://www.bbc.com/news/articles/cgkrge6e0z4o
Why Hiroshima and Nagasaki are safe to live in today,https://www.bbc.com/news/videos/cjr1nn4x1q0o
From underdogs to equals: How India forced England to draw Test series,https://www.bbc.com/news/articles/c33610p51x5o
"Faith, family and fish - the unlikely bond between JD Vance and the UK's foreign secretary",https://www.bbc.com/news/articles/czr68vde7nvo
"Jim Lovell, Apollo 13 astronaut, dies aged 97",https://www.bbc.com/news/articles/cl7y8zq5xpno
'People are angry': Behind the wave of UK asylum hotel protests,https://www.bbc.com/news/articles/c4gerg74y71o
Atlanta police officer dies after shooting near CDC headquarters,https://www.bbc.com/news/articles/cp3ekez0k2xo
North Korea dismantles propaganda speakers at border,https://www.bbc.com/news/articles/cm2klzxldl6o
More to explore,https://www.bbc.comNo link found
From underdogs to equals: How India forced England to draw Test series,https://www.bbc.com/news/articles/c33610p51x5o
Is super skinny back? UK sees rise in complaints over thin models in adverts,https://www.bbc.com/news/articles/c4gm9rygdymo
Heartbreaking search for missing children after India flash floods,https://www.bbc.com/news/videos/c4gzky0yjn0o
I made an AI clone of my dead son - and let a journalist interview him,https://www.bbc.com/news/videos/cly628xx6e9o
Why are sex toys being thrown during WNBA games?,https://www.bbc.com/news/articles/c62w8215g4vo
Is super skinny back? UK sees rise in complaints over thin models in adverts,https://www.bbc.com/news/articles/c4gm9rygdymo
Why are sex toys being thrown during WNBA games?,https://www.bbc.com/news/articles/c62w8215g4vo
Most watched,https://www.bbc.comNo link found
Why Hiroshima and Nagasaki are safe to live in today,https://www.bbc.com/news/videos/cjr1nn4x1q0o
Watch: 'World's Ugliest Dog' crowned in California,https://www.bbc.com/news/videos/cm21mmgn935o
I made an AI clone of my dead son - and let a journalist interview him,https://www.bbc.com/news/videos/cly628xx6e9o
Watch: Royal Albert Hall hosts first overnight Prom in decades,https://www.bbc.com/news/videos/cx2747j72g6o
"Watch: 'Houston, we've had a problem' says Jim Lovell",https://www.bbc.com/news/videos/c2l7eedrywzo
Also in news,https://www.bbc.comNo link found
Bus crash kills 25 people returning from funeral in Kenya,https://www.bbc.com/news/articles/c3ezn5ykkk2o
US diplomat says UK would have lost WW2 with Starmer as leader,https://www.bbc.com/news/articles/c5yp78gd636o
Azerbaijan and Armenia sign peace deal at White House summit with Trump,https://www.bbc.com/news/articles/c39dzl1lzrgo
"Mushroom murderer tried to kill husband with pasta, cookies and curry, court was told",https://www.bbc.com/news/articles/cwy3ngr2n3vo
Brussels considers recruiting ferrets to tackle rat population,https://www.bbc.com/news/articles/cvgn841r4eko
US diplomat says UK would have lost WW2 with Starmer as leader,https://www.bbc.com/news/articles/c5yp78gd636o
Rapidly growing fire prompts thousands of evacuations in California,https://www.bbc.com/news/articles/cx2pqry4xkko
New signs found of giant gas planet in 'Earth's neighbourhood',https://www.bbc.com/news/articles/cx2xezw3dkpo
Azerbaijan and Armenia sign peace deal at White House summit with Trump,https://www.bbc.com/news/articles/c39dzl1lzrgo
Most read,https://www.bbc.comNo link found
Prince Andrew book seals his fate for any return,https://www.bbc.com/news/articles/c24z1l090dqo
Why are sex toys being thrown during WNBA games?,https://www.bbc.com/news/articles/c62w8215g4vo
Seoul's 'convenience stores' fighting loneliness,https://www.bbc.com/news/articles/cgkrge6e0z4o
Mexico rules out Trump's reported military plan against drug cartels,https://www.bbc.com/news/articles/c07pdel9vyjo
"Jim Lovell, Apollo 13 astronaut, dies aged 97",https://www.bbc.com/news/articles/cl7y8zq5xpno
Trump and Putin to meet in Alaska for Ukraine talks next week,https://www.bbc.com/news/articles/c1dxed639n7o
'People are angry': Behind the wave of asylum hotel protests,https://www.bbc.com/news/articles/c4gerg74y71o
From underdogs to equals: How India forced England to draw Test series,https://www.bbc.com/news/articles/c33610p51x5o
India has 20 days to avoid 50% Trump tariffs - what are its options?,https://www.bbc.com/news/articles/c1w83j35jjjo
"Faith, family and fishing - the unlikely bond between JD Vance and David Lammy",https://www.bbc.com/news/articles/czr68vde7nvo
Sport,https://www.bbc.comNo link found
'World-class potential' - Sesko joins Man Utd for Â£74m,https://www.bbc.com/sport/football/articles/c39dx8mjd39o
"Championship: West Brom, Portsmouth, Boro, Millwall & Stoke win; Preston draw at QPR",https://www.bbc.com/sport/football/live/ce8zr0050g6t
Howe says he 'can't involve' Isak at Newcastle - is there a way back?,https://www.bbc.com/sport/football/articles/c7vl7223dyjo
AC Milan keen to sign Man Utd striker Hojlund,https://www.bbc.com/sport/football/articles/cwy3klpp4x4o
"Rodri has had injury setback, says Guardiola",https://www.bbc.com/sport/football/articles/cp8z6y7nj0zo
"Championship: West Brom, Portsmouth, Boro, Millwall & Stoke win; Preston draw at QPR",https://www.bbc.com/sport/football/live/ce8zr0050g6t
A swaggering entrance and praise from LeBron - Sanders makes Browns bow,https://www.bbc.com/sport/american-football/articles/c3eznp7zgq9o
Scottish Premiership: Livingston crash in third to secure win; St Mirren & Well draw,https://www.bbc.com/sport/football/live/cn5eyk1el16t
Howe says he 'can't involve' Isak at Newcastle - is there a way back?,https://www.bbc.com/sport/football/articles/c7vl7223dyjo
Follow BBC on:,https://www.bbc.comNo link found
